{"_type":"export","__export_format":4,"__export_date":"2023-07-20T02:28:05.839Z","__export_source":"insomnia.desktop.app:v2023.4.0","resources":[{"_id":"req_19b041f8ca844384b8875df1e7d2f9b7","parentId":"fld_27ef9f61d22f476baee10d31c2b2342c","modified":1688785728197,"created":1688785713545,"url":"{{base_url}}/behaviors","name":"Index","description":"","method":"GET","body":{},"parameters":[],"headers":[],"authentication":{},"metaSortKey":-1688785713545,"isPrivate":false,"settingStoreCookies":true,"settingSendCookies":true,"settingDisableRenderRequestBody":false,"settingEncodeUrl":true,"settingRebuildPath":true,"settingFollowRedirects":"global","_type":"request"},{"_id":"fld_27ef9f61d22f476baee10d31c2b2342c","parentId":"wrk_6a1518d4b995477c9d9eed801d5f2226","modified":1688785683870,"created":1688785683870,"name":"Behaviors","description":"","environment":{},"environmentPropertyOrder":null,"metaSortKey":-1688785683871,"_type":"request_group"},{"_id":"wrk_6a1518d4b995477c9d9eed801d5f2226","parentId":null,"modified":1688764753781,"created":1688764753781,"name":"Behavior Tracker","description":"","scope":"collection","_type":"workspace"},{"_id":"req_3c26f6d2144b4b4cb7155a212521af13","parentId":"fld_27ef9f61d22f476baee10d31c2b2342c","modified":1689383505181,"created":1688785693674,"url":"{{base_url}}/behaviors/1","name":"Show Behavior","description":"","method":"GET","body":{},"parameters":[],"headers":[],"authentication":{},"metaSortKey":-1688785713495,"isPrivate":false,"settingStoreCookies":true,"settingSendCookies":true,"settingDisableRenderRequestBody":false,"settingEncodeUrl":true,"settingRebuildPath":true,"settingFollowRedirects":"global","_type":"request"},{"_id":"req_41e53e8eb1024403b41b6a0415fb557d","parentId":"fld_27ef9f61d22f476baee10d31c2b2342c","modified":1689385671317,"created":1689383350111,"url":"{{base_url}}/behaviors/by_student/1","name":"Show Behavior By Student","description":"","method":"GET","body":{},"parameters":[],"headers":[],"authentication":{},"metaSortKey":-1688785713470,"isPrivate":false,"settingStoreCookies":true,"settingSendCookies":true,"settingDisableRenderRequestBody":false,"settingEncodeUrl":true,"settingRebuildPath":true,"settingFollowRedirects":"global","_type":"request"},{"_id":"req_a8591ddb4d6146bd8f478a6a472e8a68","parentId":"fld_27ef9f61d22f476baee10d31c2b2342c","modified":1689816117982,"created":1688785762258,"url":"{{base_url}}/behaviors","name":"Add New Behavior","description":"","method":"POST","body":{"mimeType":"application/json","text":"{\n\t\"activity\": 5,\n\t\"antecedent\": [1, 2, 8],\n\t\"behavior_desc\": [1, 4, 10],\n\t\"behavior_other\": \"Planting trees\",\n\t\"consequence\": [9, 11, 14, 17],\n\t\"date_of_behavior\": \"2023-09-15\",\n\t\"end_time\": \"14:00:00\",\n\t\"observing_staff\": [1, 2],\n\t\"setting\": [4, 8, 9],\n\t\"start_time\": \"09:00:00\",\n\t\"student\": 1\n}"},"parameters":[],"headers":[{"name":"Content-Type","value":"application/json"}],"authentication":{},"metaSortKey":-1688785713445,"isPrivate":false,"settingStoreCookies":true,"settingSendCookies":true,"settingDisableRenderRequestBody":false,"settingEncodeUrl":true,"settingRebuildPath":true,"settingFollowRedirects":"global","_type":"request"},{"_id":"req_08a6db5eda224e0b8af239fba1339cf2","parentId":"fld_27ef9f61d22f476baee10d31c2b2342c","modified":1689818946073,"created":1689817009252,"url":"{{base_url}}/behaviors/43","name":"New Request","description":"","method":"PATCH","body":{"mimeType":"application/json","text":"{\n\t\"antecedent\": [1, 2, 4, 8],\n\t\"observing_staff\": [1, 2, 3, 4]\n}"},"parameters":[],"headers":[{"name":"Content-Type","value":"application/json"}],"authentication":{},"metaSortKey":-1688785713395,"isPrivate":false,"settingStoreCookies":true,"settingSendCookies":true,"settingDisableRenderRequestBody":false,"settingEncodeUrl":true,"settingRebuildPath":true,"settingFollowRedirects":"global","_type":"request"},{"_id":"req_28a6469c0fe34a7ca72f7ab432815afd","parentId":"fld_27ef9f61d22f476baee10d31c2b2342c","modified":1689818949008,"created":1689818184295,"url":"{{base_url}}/behaviors/43","name":"New Request","description":"","method":"DELETE","body":{},"parameters":[],"headers":[],"authentication":{},"metaSortKey":-1688785713345,"isPrivate":false,"settingStoreCookies":true,"settingSendCookies":true,"settingDisableRenderRequestBody":false,"settingEncodeUrl":true,"settingRebuildPath":true,"settingFollowRedirects":"global","_type":"request"},{"_id":"req_59c0ab5d46ed45d38bd4927326a9ca0b","parentId":"fld_91918d982a964ac1a0a13de636db95ba","modified":1688781287162,"created":1688781267664,"url":"{{base_url}}/staff","name":"Index","description":"","method":"GET","body":{},"parameters":[],"headers":[],"authentication":{},"metaSortKey":-1688781267664,"isPrivate":false,"settingStoreCookies":true,"settingSendCookies":true,"settingDisableRenderRequestBody":false,"settingEncodeUrl":true,"settingRebuildPath":true,"settingFollowRedirects":"global","_type":"request"},{"_id":"fld_91918d982a964ac1a0a13de636db95ba","parentId":"wrk_6a1518d4b995477c9d9eed801d5f2226","modified":1688781264890,"created":1688781264890,"name":"Staff","description":"","environment":{},"environmentPropertyOrder":null,"metaSortKey":-1688781264890,"_type":"request_group"},{"_id":"req_3d95a5caad78493b80bdeda9bbf510a1","parentId":"fld_91918d982a964ac1a0a13de636db95ba","modified":1688781310752,"created":1688781289949,"url":"{{base_url}}/staff/4","name":"Show Staff","description":"","method":"GET","body":{},"parameters":[],"headers":[],"authentication":{},"metaSortKey":-1688781267614,"isPrivate":false,"settingStoreCookies":true,"settingSendCookies":true,"settingDisableRenderRequestBody":false,"settingEncodeUrl":true,"settingRebuildPath":true,"settingFollowRedirects":"global","_type":"request"},{"_id":"req_37ee1f60212f4889816f53439ce33cf9","parentId":"fld_91918d982a964ac1a0a13de636db95ba","modified":1688781423646,"created":1688781314015,"url":"{{base_url}}/staff","name":"Add New Staff","description":"","method":"POST","body":{"mimeType":"application/json","text":"{\n\t\"first_name\": \"Professor\",\n\t\"last_name\": \"X\",\n\t\"email\": \"wouldntyouliketoknow@x-men_academy.edu\"\n}"},"parameters":[],"headers":[{"name":"Content-Type","value":"application/json"}],"authentication":{},"metaSortKey":-1688781267564,"isPrivate":false,"settingStoreCookies":true,"settingSendCookies":true,"settingDisableRenderRequestBody":false,"settingEncodeUrl":true,"settingRebuildPath":true,"settingFollowRedirects":"global","_type":"request"},{"_id":"req_66c2304aa532415ea748350ce2b4d1e6","parentId":"fld_91918d982a964ac1a0a13de636db95ba","modified":1688781481159,"created":1688781429683,"url":"{{base_url}}/staff/5","name":"Update Staff","description":"","method":"PATCH","body":{"mimeType":"application/json","text":"{\n\t\"last_name\": \"Xavier\"\n}"},"parameters":[],"headers":[{"name":"Content-Type","value":"application/json"}],"authentication":{},"metaSortKey":-1688781267514,"isPrivate":false,"settingStoreCookies":true,"settingSendCookies":true,"settingDisableRenderRequestBody":false,"settingEncodeUrl":true,"settingRebuildPath":true,"settingFollowRedirects":"global","_type":"request"},{"_id":"req_a0c982e054304761a0358f2001b85bf3","parentId":"fld_91918d982a964ac1a0a13de636db95ba","modified":1688781506824,"created":1688781487112,"url":"{{base_url}}/staff/5","name":"Delete Staff","description":"","method":"DELETE","body":{},"parameters":[],"headers":[],"authentication":{},"metaSortKey":-1688781267464,"isPrivate":false,"settingStoreCookies":true,"settingSendCookies":true,"settingDisableRenderRequestBody":false,"settingEncodeUrl":true,"settingRebuildPath":true,"settingFollowRedirects":"global","_type":"request"},{"_id":"req_41fb50115a44465c817f913d22cbebe6","parentId":"fld_53344acdfb4c4c798a9fa591f41e77c5","modified":1688781241859,"created":1688764900679,"url":"{{base_url}}/students","name":"Index","description":"","method":"GET","body":{},"parameters":[],"headers":[],"authentication":{},"metaSortKey":-1688774069535.625,"isPrivate":false,"settingStoreCookies":true,"settingSendCookies":true,"settingDisableRenderRequestBody":false,"settingEncodeUrl":true,"settingRebuildPath":true,"settingFollowRedirects":"global","_type":"request"},{"_id":"fld_53344acdfb4c4c798a9fa591f41e77c5","parentId":"wrk_6a1518d4b995477c9d9eed801d5f2226","modified":1688781235507,"created":1688781235507,"name":"Students","description":"","environment":{},"environmentPropertyOrder":null,"metaSortKey":-1688781235507,"_type":"request_group"},{"_id":"req_79846223ac2f41b3b2a557604ee4e42b","parentId":"fld_53344acdfb4c4c798a9fa591f41e77c5","modified":1689384580199,"created":1688764938481,"url":"{{base_url}}/students/1","name":"Show Student","description":"","method":"GET","body":{},"parameters":[],"headers":[],"authentication":{},"metaSortKey":-1688774069510.625,"isPrivate":false,"settingStoreCookies":true,"settingSendCookies":true,"settingDisableRenderRequestBody":false,"settingEncodeUrl":true,"settingRebuildPath":true,"settingFollowRedirects":"global","_type":"request"},{"_id":"req_992e86fd2e6244a1946fde1bcd151297","parentId":"fld_53344acdfb4c4c798a9fa591f41e77c5","modified":1688781248992,"created":1688767558592,"url":"{{base_url}}/students","name":"Add New Student","description":"","method":"POST","body":{"mimeType":"application/json","text":"{\n\t\"student_id\": 10506,\n\t\"first_name\": \"Tony\",\n\t\"last_name\": \"Stark\",\n\t\"grade\": 10,\n\t\"case_manager\": 2\n}"},"parameters":[],"headers":[{"name":"Content-Type","value":"application/json"}],"authentication":{},"metaSortKey":-1688774069485.625,"isPrivate":false,"settingStoreCookies":true,"settingSendCookies":true,"settingDisableRenderRequestBody":false,"settingEncodeUrl":true,"settingRebuildPath":true,"settingFollowRedirects":"global","_type":"request"},{"_id":"req_3a3f9870e306427d890707b4bdc237fc","parentId":"fld_53344acdfb4c4c798a9fa591f41e77c5","modified":1688781252979,"created":1688777393604,"url":"{{base_url}}/students/4","name":"Update Student","description":"","method":"PATCH","body":{"mimeType":"application/json","text":"{\n\t\"case_manager\": 4,\n\t\"first_name\": \"Tony\",\n\t\"grade\": \"10\",\n\t\"id\": 4,\n\t\"last_name\": \"Stark\",\n\t\"student_id\": 10506\n}"},"parameters":[],"headers":[{"name":"Content-Type","value":"application/json"}],"authentication":{},"metaSortKey":-1688774069435.625,"isPrivate":false,"settingStoreCookies":true,"settingSendCookies":true,"settingDisableRenderRequestBody":false,"settingEncodeUrl":true,"settingRebuildPath":true,"settingFollowRedirects":"global","_type":"request"},{"_id":"req_908a6ff460ac41bc9c2ca365e13cbb00","parentId":"fld_53344acdfb4c4c798a9fa591f41e77c5","modified":1688781254576,"created":1688777104264,"url":"{{base_url}}/students/4","name":"Delete Student","description":"","method":"DELETE","body":{},"parameters":[],"headers":[],"authentication":{},"metaSortKey":-1688774069385.625,"isPrivate":false,"settingStoreCookies":true,"settingSendCookies":true,"settingDisableRenderRequestBody":false,"settingEncodeUrl":true,"settingRebuildPath":true,"settingFollowRedirects":"global","_type":"request"},{"_id":"env_daa82d63a09e1b74d241fb448571011c883c6ad6","parentId":"wrk_6a1518d4b995477c9d9eed801d5f2226","modified":1688764809171,"created":1688764753784,"name":"Base Environment","data":{"base_url":"http://localhost:5000"},"dataPropertyOrder":{"&":["base_url"]},"color":null,"isPrivate":false,"metaSortKey":1688764753784,"_type":"environment"},{"_id":"jar_daa82d63a09e1b74d241fb448571011c883c6ad6","parentId":"wrk_6a1518d4b995477c9d9eed801d5f2226","modified":1688764753786,"created":1688764753786,"name":"Default Jar","cookies":[],"_type":"cookie_jar"},{"_id":"env_f65f4bdfdcc64482b2570f790b8a88dc","parentId":"env_daa82d63a09e1b74d241fb448571011c883c6ad6","modified":1688767757594,"created":1688764877887,"name":"Behavior Tracker Environment","data":{"base_url":"http://127.0.0.1:5000"},"dataPropertyOrder":{"&":["base_url"]},"color":null,"isPrivate":false,"metaSortKey":1688764877887,"_type":"environment"}]}